,0,1,2,3,4,5,6
1,77,68,76,76,77,68,75
2,73,73,73,73,88,74,68
3,88,88,88,88,68,68,88
4,80,77,77,73,80,77,80
5,88,88,78,88,78,80,88
6,80,68,68,80,80,80,80
7,68,68,68,68,87,87,80
8,77,76,77,77,76,80,76
9,68,68,80,80,80,80,68
10,89,89,80,80,69,80,69
11,68,78,88,78,88,68,88
12,78,88,88,68,88,88,78
13,77,77,68,68,68,77,77
14,67,67,80,67,80,80,80
15,69,69,69,80,69,80,80
16,77,68,77,77,86,68,86
17,88,83,69,73,88,77,78
18,80,68,68,80,68,80,68
19,68,80,80,68,68,80,80
20,86,80,80,86,68,80,86
21,74,84,74,88,73,88,77
22,80,69,89,69,69,73,69
23,88,80,80,69,80,69,88
24,73,78,73,74,74,78,69
25,77,77,69,69,77,77,69
26,68,68,77,68,77,68,77
27,73,73,68,73,68,73,73
28,68,73,68,88,80,80,73
29,77,68,78,74,68,68,78
30,40,40,40,40,80,40,40
31,89,89,80,80,88,88,88
32,79,79,67,67,67,79,67
33,88,86,88,73,86,88,73
34,68,80,77,68,68,77,80
35,80,76,74,68,80,76,80
36,86,68,86,86,86,68,68
37,67,80,67,80,67,67,67
38,68,68,88,88,68,88,87
39,68,68,87,87,68,68,87
40,77,68,77,68,77,77,68
41,68,68,77,77,68,68,68
42,77,77,77,67,67,77,77
43,88,88,67,67,88,88,80
44,67,80,67,67,67,88,67
45,80,77,67,77,67,80,77
46,67,67,67,67,67,80,67
47,77,80,77,77,80,77,67
48,79,79,79,67,67,79,67
49,86,77,86,67,67,67,67
50,74,87,74,74,87,73,73
51,67,90,90,86,67,80,86
52,67,80,80,80,80,67,80
53,73,88,88,88,73,73,73
54,68,68,68,80,80,73,88
55,67,86,80,67,67,86,86
56,80,80,67,80,78,78,80
57,67,80,80,80,67,67,80
58,67,67,80,80,67,80,67
59,80,67,67,67,80,80,67
60,66,66,80,66,66,66,80
61,67,80,80,80,67,67,67
62,67,87,74,73,67,74,74
63,76,76,76,77,76,77,67
64,67,80,67,67,67,80,80
65,80,77,80,66,66,66,80
66,68,68,68,86,77,77,77
67,77,67,67,67,67,67,77
68,73,73,86,86,86,86,73
69,77,86,67,77,86,89,67
70,77,67,86,77,67,67,67
71,76,75,84,67,67,84,75
72,77,81,77,77,78,78,67
73,90,90,77,73,90,90,90
74,73,73,80,80,73,77,77
75,67,67,79,67,79,79,79
76,78,66,78,78,66,78,78
77,66,88,80,66,88,80,80
78,74,66,80,80,80,74,80
79,73,88,88,88,73,88,88
80,66,66,73,89,66,73,77
81,67,67,77,67,67,77,67
82,73,74,66,74,66,73,66
83,86,86,66,66,77,66,66
84,67,67,67,67,67,83,83
85,77,77,77,77,77,67,77
86,66,80,80,80,80,66,66
87,80,80,80,80,66,80,80
88,66,86,86,66,86,86,86
89,82,82,82,55,87,82,87
90,86,66,77,86,66,66,88
91,84,84,77,76,76,66,66
92,73,86,86,73,66,78,86
93,80,77,77,80,69,80,80
94,76,63,77,76,76,76,63
95,84,84,77,65,76,77,75
96,87,64,87,88,87,88,88
97,74,63,80,63,90,63,74
98,64,64,80,88,64,64,88
99,10,75,84,84,10,10,75
100,80,78,70,70,78,80,80
101,87,83,75,73,74,73,54
102,76,75,76,43,43,43,75
103,84,76,76,76,84,69,75
104,77,77,69,69,69,77,77
105,69,69,69,77,77,77,77
106,88,80,69,88,88,69,80
107,80,80,69,80,69,69,69
108,69,69,69,69,77,77,69
109,77,87,69,69,69,69,77
110,74,73,74,68,74,89,89
111,86,77,69,77,69,77,86
112,74,69,76,69,69,76,69
113,80,69,80,80,80,69,69
114,69,69,69,75,75,69,69
115,69,69,79,69,79,79,69
116,77,69,77,69,77,77,69
117,88,73,74,69,73,73,69
118,73,69,88,73,88,69,74
119,67,67,67,67,67,67,79
120,77,69,77,77,69,78,69
121,89,69,73,69,89,89,73
122,69,69,77,77,77,69,69
123,69,83,77,77,83,77,77
124,80,69,85,85,69,69,69
125,80,69,69,80,80,80,80
126,80,80,80,69,80,69,69
127,80,80,45,80,45,80,78
128,69,88,88,73,69,69,69
129,69,88,69,80,86,69,86
130,78,78,78,69,69,69,69
131,86,86,34,34,80,34,86
132,12,12,80,74,84,84,74
133,89,12,12,12,80,89,89
134,80,14,14,80,80,14,14
135,88,41,85,88,41,88,85
136,12,80,80,12,12,80,80
137,69,69,69,80,80,69,69
138,77,69,77,77,77,69,77
139,76,77,77,42,77,42,76
140,74,76,74,74,76,76,66
141,87,27,81,87,81,87,76
142,74,74,44,74,76,84,44
143,84,38,38,84,38,38,84
144,73,61,88,88,88,61,88
145,73,87,73,87,88,87,88
146,69,69,69,80,69,80,69
147,88,73,73,73,69,88,73
148,74,73,74,69,74,73,73
149,80,69,69,69,80,69,80
150,69,80,80,77,80,80,80
151,77,76,74,44,74,44,77
152,87,77,46,87,87,87,87
153,77,77,61,61,61,77,77
154,52,52,52,77,77,77,52
155,86,84,60,60,84,60,84
156,65,88,88,88,88,88,65
157,59,80,89,89,59,59,80
158,77,77,62,62,77,77,77
159,85,88,65,65,88,65,88
160,80,80,80,65,65,80,80
161,86,86,86,73,73,86,59
162,80,54,80,54,80,54,54
163,77,77,47,77,77,47,77
164,88,62,74,73,88,74,88
165,59,80,80,59,80,80,59
166,80,59,80,80,59,59,80
167,53,53,53,53,53,53,77
168,77,77,47,47,47,77,47
169,77,77,77,66,66,75,66
170,80,86,61,77,86,86,77
171,77,87,77,64,77,77,64
172,87,89,89,73,86,87,53
173,86,86,74,77,77,77,77
174,73,54,54,73,74,74,73
175,58,58,58,87,58,87,87
176,59,88,87,89,73,89,59
177,90,73,90,73,39,39,90
178,30,30,80,80,80,30,80
179,87,44,87,44,44,87,87
180,52,80,89,80,80,80,89
181,89,74,89,70,87,87,74
182,80,63,80,78,78,80,80
183,88,73,88,73,88,52,52
184,77,74,66,66,77,87,83
185,86,88,33,86,33,86,88
186,53,53,77,73,77,77,73
187,78,78,73,47,80,73,73
188,73,89,73,73,60,80,60
189,65,75,75,77,65,65,65
190,62,80,80,89,89,62,80
191,57,80,57,85,57,80,57
192,53,80,53,80,53,53,80
193,80,80,80,80,56,80,80
194,46,78,78,46,46,46,78
195,57,87,87,87,87,73,88
196,80,62,62,62,80,80,80
197,86,86,40,80,80,86,86
198,88,63,88,63,88,88,88
199,30,80,30,30,80,30,30
200,83,83,53,53,83,83,53
201,73,73,74,83,73,73,74
202,77,86,77,66,66,66,66
203,90,65,90,65,90,90,90
204,58,77,77,77,87,87,77
205,89,80,80,89,80,43,89
206,87,88,61,87,74,61,74
207,86,86,73,73,73,73,63
208,83,77,77,77,47,47,47
209,80,84,77,57,84,57,57
210,74,73,73,62,62,74,62
211,77,89,43,77,43,77,43
212,61,80,80,61,61,80,61
213,86,59,80,80,86,86,80
214,55,80,55,89,55,84,80
215,80,80,80,80,80,62,80
216,62,86,62,86,86,77,77
217,86,65,65,83,86,65,86
218,64,88,64,64,88,64,88
219,57,57,57,57,57,83,83
220,69,77,69,77,86,86,69
221,69,80,69,80,69,69,69
222,87,69,74,73,87,69,87
223,80,80,88,69,88,80,80
224,80,69,80,69,69,80,69
225,77,77,77,69,69,76,76
226,63,88,88,63,88,63,63
227,73,64,87,74,74,64,73
228,74,87,55,73,87,74,87
229,87,57,87,73,57,73,73
230,73,59,87,59,74,73,73
231,73,78,74,65,77,77,65
232,61,90,90,90,77,73,61
233,73,73,73,73,73,65,73
234,83,48,83,73,73,83,73
235,73,77,87,87,89,77,73
236,77,77,69,80,69,80,77
237,86,80,80,80,86,86,69
238,60,60,60,60,60,60,77
239,80,65,80,87,78,65,80
240,69,69,77,77,77,69,77
241,65,73,65,65,86,65,89
242,70,77,70,77,77,70,70
243,70,76,77,77,76,77,77
244,70,70,88,73,88,80,73
245,70,88,70,88,80,73,70
246,86,70,70,80,80,86,80
247,74,70,70,74,70,73,73
248,78,70,77,70,77,78,78
249,70,70,70,77,77,70,70
250,87,70,70,70,73,70,87
251,70,77,77,77,77,77,77
252,87,73,73,70,73,70,74
253,80,86,86,80,70,86,86
254,73,73,74,73,78,73,73
255,70,86,77,77,86,77,70
256,70,86,86,77,86,86,86
257,87,73,87,70,73,77,73
258,87,80,70,80,70,87,70
259,77,76,77,70,70,77,70
260,87,85,73,85,70,85,88
261,70,70,76,76,77,70,76
262,80,80,80,70,80,80,80
263,70,70,70,73,70,73,70
264,87,70,87,88,87,87,88
265,88,73,88,73,63,73,88
266,73,70,73,74,73,70,73
267,0,72,0,0,0,0,0
268,86,70,80,80,70,70,70
269,77,70,70,70,70,70,77
270,70,70,88,88,70,88,80
271,87,87,70,87,89,87,87
272,70,70,80,80,70,80,70
273,68,88,78,78,88,78,73
274,86,86,77,86,77,77,68
275,68,86,68,68,68,86,86
276,68,80,80,80,68,80,68
277,80,80,68,80,68,80,68
278,80,80,80,69,86,86,86
279,68,80,80,68,68,68,80
280,86,86,86,80,86,69,69
281,88,73,67,73,67,73,88
282,80,69,80,80,80,69,80
283,80,80,80,86,86,86,69
284,86,69,86,69,77,69,86
285,80,80,69,80,80,69,80
286,69,80,89,86,86,86,86
287,80,69,80,69,80,80,80
288,69,83,88,69,88,69,88
289,84,80,84,69,84,80,80
290,70,70,70,77,77,77,70
291,85,70,85,88,85,70,88
292,70,70,70,80,80,80,70
293,78,70,70,70,78,70,78
294,77,77,77,70,70,77,77
295,73,73,73,70,88,70,88
296,80,70,80,80,70,70,80
297,80,80,70,70,70,80,70
298,70,73,73,87,88,73,73
299,80,70,78,78,82,82,80
300,73,70,73,73,70,70,70
301,70,70,77,70,77,77,77
302,88,88,88,85,82,88,70
303,80,80,70,70,70,80,70
304,69,69,74,74,76,76,69
305,70,70,80,80,70,70,70
306,70,86,70,86,86,86,86
307,78,70,88,85,78,70,85
308,76,80,70,70,81,70,81
309,78,70,70,70,78,70,78
310,70,80,80,70,70,80,80
311,86,80,86,70,70,88,70
312,70,85,78,78,85,77,78
313,80,70,80,80,86,80,73
314,76,73,70,73,76,76,76
315,71,88,88,88,88,80,80
316,80,80,70,70,70,77,70
317,80,66,80,80,66,66,66
318,66,89,89,80,89,66,66
319,77,69,69,69,86,84,84
320,69,79,69,69,69,69,79
321,69,69,77,77,69,77,77
322,88,70,85,88,85,88,88
323,88,88,73,88,70,73,70
324,70,70,70,85,85,85,85
325,70,80,70,80,80,88,70
326,70,80,70,70,89,70,73
327,70,78,80,70,78,70,80
328,73,88,85,85,73,73,85
329,78,88,71,80,88,80,88
330,80,80,70,80,80,70,80
331,74,74,70,70,74,70,70
332,78,70,70,88,78,88,70
333,88,85,88,88,85,85,70
334,85,70,78,73,70,85,70
335,77,70,70,70,77,70,77
336,78,88,88,70,70,70,70
337,70,77,80,88,77,80,70
338,70,77,77,77,77,77,70
339,80,73,80,80,73,70,80
340,70,70,80,70,80,80,80
341,70,77,77,77,77,77,70
342,85,77,77,70,85,85,77
343,87,83,87,73,87,83,87
344,80,80,70,80,80,70,70
345,70,70,70,70,77,80,80
346,70,78,80,80,70,70,78
347,71,80,80,71,77,71,71
348,78,88,71,78,88,78,78
349,73,71,88,73,73,88,71
350,85,88,73,73,88,88,71
351,71,83,83,71,71,83,83
352,70,70,70,84,70,70,84
353,73,71,87,83,87,87,71
354,77,71,77,71,71,71,86
355,88,87,88,87,74,87,71
356,85,67,67,67,85,85,67
357,80,80,48,80,80,80,48
358,87,73,87,88,87,88,88
359,70,70,88,88,70,88,70
360,70,79,70,79,79,79,70
361,88,88,78,78,70,88,78
362,71,71,73,71,77,84,71
363,68,73,68,73,73,73,73
364,68,77,68,77,68,68,77
365,80,80,68,68,68,80,68
366,68,80,68,80,68,68,68
367,68,77,68,77,68,68,68
368,69,69,77,69,69,69,69
369,77,69,69,69,69,69,69
370,88,80,69,88,69,88,88
371,69,69,86,69,80,80,86
372,77,77,77,77,68,77,68
373,68,87,74,73,87,74,68
374,73,76,76,73,68,76,68
375,68,68,80,68,68,80,68
376,77,77,67,67,77,77,77
377,67,76,67,76,77,67,67
378,80,67,67,67,67,80,67
379,68,68,68,68,83,68,68
380,67,87,67,73,73,67,87
381,86,67,67,67,67,86,86
382,67,77,77,77,67,67,77
383,77,76,76,76,77,67,76
384,67,77,67,67,77,67,67
385,86,74,77,73,77,77,86
386,66,66,66,77,66,66,66
387,66,80,80,66,66,66,66
388,73,67,67,77,77,77,67
389,67,76,76,76,76,76,74
390,77,77,66,66,77,66,66
391,66,77,73,73,66,77,77
392,80,66,66,66,80,80,80
393,66,77,66,66,66,66,77
394,77,85,85,85,67,77,77
395,77,66,66,77,77,66,66
396,67,77,67,77,83,83,67
397,73,66,73,73,66,66,66
398,87,74,76,87,73,87,66
399,77,77,73,74,66,74,66
400,77,67,76,77,76,67,77
401,77,68,77,68,77,77,77
402,63,63,63,63,86,88,86
403,62,80,80,73,74,62,73
404,75,75,13,75,75,75,75
405,73,74,74,85,85,74,69
406,69,83,88,83,83,88,88
407,77,69,69,77,69,77,69
408,69,77,88,75,77,88,69
409,80,77,69,69,77,77,77
410,77,77,77,77,69,77,77
411,87,77,69,86,87,81,69
412,77,69,77,77,77,77,69
413,69,83,69,69,83,69,69
414,77,77,55,55,77,77,77
415,76,48,77,48,48,77,77
416,76,76,76,30,76,80,30
417,80,76,34,76,34,34,34
418,84,84,75,75,84,23,23
419,77,76,76,76,84,37,37
420,84,84,24,76,24,84,84
421,86,80,69,80,69,86,69
422,75,76,69,77,75,77,69
423,80,80,55,81,81,55,80
424,69,83,69,69,83,69,83
425,65,77,77,77,77,65,65
426,87,88,59,59,88,76,73
427,80,35,80,80,35,35,80
428,77,44,77,77,44,44,44
429,87,24,80,87,24,87,80
430,6,89,6,77,6,89,77
431,73,73,74,74,73,59,74
432,75,76,75,75,76,76,75
433,62,77,62,77,62,62,62
434,29,87,87,29,87,29,29
435,73,42,77,77,42,77,77
436,83,83,54,83,54,83,54
437,65,83,65,83,83,83,83
438,83,83,56,83,83,56,83
439,83,66,83,66,83,83,83
440,55,83,83,83,83,83,83
441,83,52,83,52,83,52,52
442,63,63,83,83,83,83,63
443,36,36,83,36,83,83,36
444,83,83,31,87,87,83,83
445,18,18,18,83,83,83,83
446,83,49,83,49,49,83,83
447,83,83,83,49,83,83,49
448,83,49,83,49,49,49,49
449,52,52,74,87,87,52,52
450,87,87,74,73,62,74,62
451,77,51,77,84,86,84,77
452,73,51,83,51,83,73,51
453,56,56,56,73,83,73,73
454,69,80,80,80,69,80,69
455,73,73,73,73,70,70,73
456,73,73,73,73,77,73,70
457,70,80,76,74,76,70,70
458,80,80,80,80,68,68,80
459,80,80,68,80,68,80,68
460,80,68,68,80,80,80,68
461,80,68,80,80,68,80,68
462,80,80,86,80,65,86,86
463,67,74,74,74,67,67,74
464,80,67,67,67,67,67,80
465,74,76,74,74,74,74,74
466,65,88,65,88,65,65,88
467,66,66,80,66,80,80,80
468,80,80,80,80,66,80,66
469,66,66,66,80,66,66,66
470,90,66,90,90,66,90,66
471,89,69,69,80,69,89,89
472,74,73,69,73,73,73,73
473,75,76,69,84,75,84,75
474,36,36,36,89,36,89,89
475,80,69,69,69,69,69,69
476,77,69,77,77,77,77,77
477,76,77,77,76,69,76,77
478,77,86,77,13,77,77,13
479,31,85,31,31,31,31,85
480,88,32,32,77,77,77,32
481,80,77,33,77,77,80,33
482,78,78,32,78,77,78,32
483,15,15,80,89,86,80,15
484,14,14,14,82,14,14,82
485,86,86,37,84,37,37,84
486,27,86,27,77,27,86,77
487,86,77,26,86,86,86,26
488,23,23,82,23,23,23,82
489,86,88,82,88,86,19,86
490,77,77,77,77,28,86,77
491,11,73,74,73,74,74,74
492,80,80,80,80,80,28,80
493,7,7,7,7,7,85,85
494,77,77,77,13,77,13,77
495,77,77,74,74,74,74,77
496,19,80,80,80,19,19,19
497,11,11,77,11,77,11,77
498,74,74,89,89,73,89,73
499,31,31,31,80,80,80,31
500,76,69,69,69,74,76,76
501,84,14,14,75,75,75,76
502,89,89,89,89,77,89,77
503,45,80,80,45,80,45,45
504,40,78,40,78,80,80,80
505,88,27,88,27,27,27,27
506,80,80,28,28,80,28,80
507,24,80,80,80,24,80,80
508,69,69,80,69,80,80,80
509,80,62,80,80,62,80,80
510,27,90,80,27,80,73,80
511,35,35,74,74,35,74,89
512,77,77,60,60,80,86,77
513,88,88,88,22,22,22,22
514,50,50,50,77,50,50,86
515,70,70,73,70,73,80,80
516,77,77,56,77,77,77,77
517,52,52,52,86,80,86,80
518,80,80,63,80,63,63,63
519,74,74,74,74,74,74,74
520,36,36,36,74,36,36,74
521,89,80,51,51,51,80,51
522,77,77,80,80,77,59,59
523,80,77,40,40,40,80,77
524,77,77,77,77,13,13,13
525,85,82,19,82,19,19,19
526,74,80,80,32,32,32,74
527,80,55,80,80,80,55,80
528,80,89,57,89,57,57,89
529,58,80,80,80,58,80,80
530,48,48,48,48,74,74,48
531,86,86,86,86,86,80,86
532,86,70,86,86,70,86,70
533,85,85,70,85,85,70,70
534,70,80,70,70,80,80,70
535,77,77,70,77,70,86,86
536,70,70,80,70,70,70,80
537,80,80,80,64,64,80,80
538,76,84,76,75,84,70,76
539,76,70,70,76,70,70,77
540,68,68,68,68,73,68,68
541,73,68,74,73,74,73,68
542,86,75,86,76,75,84,76
543,84,84,80,68,84,84,68
544,69,80,69,80,78,69,69
545,86,86,77,86,77,77,68
546,88,88,73,73,88,88,88
547,78,69,69,69,78,69,69
548,69,81,81,69,69,81,69
549,80,89,80,89,68,89,80
550,88,88,73,88,73,88,88
551,68,83,68,83,68,83,68
552,68,68,87,68,87,68,87
553,80,80,86,86,68,80,80
554,68,73,73,68,68,74,68
555,68,68,80,80,80,68,68
556,68,68,68,68,90,90,68
557,67,84,67,67,80,84,84
558,80,67,81,88,88,67,81
559,83,80,67,83,67,67,67
560,87,74,68,76,81,81,68
561,67,83,83,67,67,67,83
562,68,74,74,90,68,74,73
563,83,68,68,68,83,68,83
564,83,77,77,68,83,77,77
565,88,88,83,88,68,83,68
566,74,74,73,73,67,73,74
567,67,83,83,67,83,83,67
568,67,73,73,86,73,88,73
569,80,83,83,67,67,80,80
570,67,90,90,90,67,67,67
571,77,88,66,77,88,88,88
572,88,73,73,73,73,88,67
573,88,66,88,66,88,83,83
574,66,66,88,85,86,85,88
575,77,67,77,67,90,67,90
576,66,78,73,74,73,78,74
577,87,66,77,87,66,87,77
578,73,73,87,66,66,66,66
579,77,77,77,77,66,66,77
580,68,86,68,68,86,86,68
581,80,88,88,88,88,80,80
582,66,80,66,80,66,80,66
583,66,66,78,66,78,88,66
584,76,76,66,76,76,80,66
585,77,66,77,66,66,77,66
586,73,73,67,73,67,67,67
587,80,85,80,85,85,80,66
588,76,76,84,75,84,75,76
589,42,42,42,42,90,42,90
590,69,83,69,73,73,73,87
591,88,69,69,88,69,80,80
592,68,68,85,88,68,85,68
593,66,66,89,66,66,66,66
594,86,69,80,80,80,69,69
595,88,69,69,88,88,88,69
596,84,69,75,76,84,76,76
597,88,73,73,88,88,88,88
598,80,77,80,80,69,80,69
599,73,73,73,69,73,73,73
600,69,76,69,76,76,69,69
601,89,74,74,74,16,74,89
602,24,24,86,86,84,24,84
603,85,88,85,88,85,85,88
604,77,77,7,77,77,7,7
605,17,84,17,17,17,84,17
606,23,80,80,80,23,23,80
607,13,88,13,13,86,88,88
608,18,86,86,88,88,85,85
609,23,23,77,77,77,77,23
610,84,31,31,31,84,31,31
611,78,17,82,17,78,78,78
612,10,80,10,80,10,10,80
613,77,9,9,77,77,77,9
614,80,29,29,80,29,29,80
615,8,88,88,88,88,88,8
616,41,87,41,87,41,41,83
617,80,80,3,80,3,3,80
618,80,80,28,28,28,80,28
619,69,80,80,88,69,69,80
620,69,80,80,80,80,69,80
621,28,90,90,28,90,90,90
622,76,33,74,33,74,33,74
623,76,76,76,67,76,76,67
624,76,18,84,76,18,76,18
625,76,76,75,76,75,75,36
626,22,80,80,80,80,76,22
627,80,80,80,80,80,64,80
628,78,80,69,80,80,69,80
629,77,55,55,77,77,77,77
630,38,38,38,38,84,77,77
631,86,65,86,65,86,86,89
632,55,55,80,80,55,80,55
633,11,11,11,80,11,80,80
634,69,79,69,69,69,69,69
635,83,53,53,53,53,53,83
636,88,73,87,74,54,73,74
637,54,77,54,83,83,83,54
638,55,55,55,80,80,80,55
639,80,80,52,80,52,52,52
640,80,62,80,62,62,80,80
641,89,80,30,80,80,89,80
642,80,78,82,78,80,80,63
643,80,86,80,80,67,80,86
644,79,61,79,61,61,61,61
645,63,79,63,63,63,79,63
646,90,90,90,90,90,42,42
647,80,58,89,58,80,80,80
648,25,77,77,77,25,86,86
649,80,88,88,78,78,57,78
650,80,80,30,80,80,30,30
651,62,89,89,89,62,62,80
652,80,63,80,77,80,80,77
653,78,88,31,88,31,88,31
654,82,88,88,47,88,88,47
655,74,59,77,80,77,77,77
656,78,88,78,78,88,88,78
657,88,88,82,88,82,88,88
658,63,80,80,63,63,80,80
659,88,77,85,77,85,85,17
660,80,64,64,80,64,64,80
661,90,25,25,25,25,25,90
662,86,86,53,86,80,53,53
663,52,77,52,77,77,77,52
664,80,80,80,57,80,80,57
665,83,87,87,83,83,88,87
666,47,83,47,83,83,83,83
667,50,83,50,83,83,50,50
668,54,73,54,73,83,73,54
669,83,64,83,64,83,83,64
670,83,83,66,66,66,83,66
671,8,83,8,8,83,83,8
672,65,83,83,83,83,83,83
673,88,82,82,88,35,35,82
674,83,55,55,55,83,83,55
675,83,83,83,83,83,1,83
676,69,80,69,80,80,80,80
677,79,79,79,79,79,70,79
678,80,80,80,80,80,70,88
679,74,73,54,54,73,74,74
680,70,73,73,70,70,74,74
681,70,83,70,70,70,83,83
682,70,83,83,88,83,85,83
683,70,70,77,70,70,77,70
684,88,66,66,66,88,88,73
685,73,88,88,69,73,69,69
686,73,66,73,66,80,73,80
687,70,70,89,70,70,89,70
688,70,70,70,70,77,77,70
689,70,70,70,73,70,73,88
690,80,70,80,89,89,80,80
691,82,71,82,88,87,88,82
692,86,86,77,80,80,86,68
693,80,68,80,80,80,68,68
694,86,68,86,68,86,68,68
695,68,68,68,77,80,68,77
696,80,69,88,80,80,69,69
697,80,68,80,80,80,68,68
698,67,67,80,80,80,80,80
699,80,67,80,67,67,67,67
700,77,68,68,68,68,77,68
701,79,66,66,79,66,66,79
702,86,77,67,67,86,86,86
703,80,67,67,80,80,80,80
704,80,66,66,66,80,80,66
705,86,25,84,25,25,84,84
706,69,83,83,83,83,69,83
707,64,80,80,80,64,80,64
708,80,80,80,80,62,80,62
709,65,77,77,65,77,77,77
710,77,77,58,77,77,58,77
711,80,69,80,80,80,80,80
712,77,80,60,80,60,80,77
713,68,80,68,68,80,80,80
714,86,80,86,86,86,80,68
715,77,68,68,77,80,80,77
716,86,68,68,80,80,86,80
717,69,69,69,80,80,88,80
718,69,77,69,77,69,69,77
719,77,67,89,67,77,77,77
720,80,74,74,68,74,73,68
721,77,68,68,77,77,77,77
722,77,68,77,68,77,68,77
723,68,68,68,77,80,68,77
724,86,86,68,86,68,80,80
725,77,67,67,67,77,77,77
726,80,76,68,76,76,68,68
727,80,86,80,80,67,80,67
728,87,67,77,77,67,87,87
729,67,67,67,67,67,80,80
730,80,69,86,69,80,86,69
731,77,77,77,67,80,67,80
732,77,66,86,66,86,77,77
733,86,86,67,67,67,67,86
734,77,77,66,66,66,66,77
735,66,66,80,80,80,80,66
736,80,86,86,80,80,80,66
737,80,80,80,77,80,67,80
738,67,67,77,77,67,77,67
739,63,63,63,63,63,63,77
740,80,86,86,86,80,86,69
741,88,69,69,88,88,88,88
742,69,88,69,69,88,88,80
743,69,73,88,88,69,73,88
744,80,80,80,80,89,80,69
745,45,45,45,77,77,77,45
746,77,58,58,77,77,77,58
747,86,66,86,86,77,77,66
748,86,73,70,88,70,73,88
749,70,70,70,77,77,77,70
750,80,80,70,70,80,80,70
751,70,88,88,70,86,88,88
752,71,73,73,73,88,71,71
753,67,67,67,67,67,67,80
754,88,78,78,88,78,78,88
755,87,87,81,76,74,74,74
756,68,68,77,77,68,68,77
757,68,68,79,79,79,79,79
758,88,88,87,69,88,69,88
759,73,68,68,73,73,68,73
760,68,87,68,68,68,68,87
761,88,88,68,88,88,88,88
762,80,80,80,80,69,80,69
763,69,69,69,69,77,77,77
764,69,86,77,77,86,69,86
765,65,65,65,65,77,77,86
766,69,69,69,79,69,69,79
767,83,68,83,83,83,68,68
768,68,76,74,76,76,74,68
769,87,85,68,74,85,73,74
770,78,82,78,88,78,85,82
771,88,68,87,87,73,73,88
772,68,68,80,68,68,68,68
773,88,88,88,88,67,67,67
774,83,83,83,68,83,68,83
775,86,77,68,80,68,68,68
776,80,68,80,80,80,68,80
777,68,68,83,68,83,68,68
778,86,86,77,80,86,80,68
779,73,73,73,67,67,67,67
780,67,77,77,67,77,67,77
781,77,77,86,77,77,77,68
782,80,80,80,80,80,67,80
783,67,67,77,86,77,67,67
784,80,66,83,83,80,83,83
785,86,67,77,67,67,86,77
786,68,77,86,86,77,77,86
787,68,80,68,77,77,68,68
788,83,83,83,83,88,67,83
789,77,77,77,77,68,80,68
790,68,68,77,68,68,68,77
791,76,68,76,76,68,76,68
792,67,67,67,77,77,77,67
793,77,67,77,77,77,77,77
794,86,86,80,67,80,86,67
795,76,76,76,67,77,76,76
796,86,77,86,67,77,86,77
797,73,87,73,87,87,73,67
798,73,68,68,68,73,73,73
799,80,80,80,68,80,68,68
800,83,68,68,68,83,83,83
801,77,67,77,77,77,77,67
802,73,88,73,88,73,88,78
803,73,89,66,73,66,66,66
804,77,77,67,67,77,77,67
805,77,77,85,66,77,66,77
806,66,73,80,80,73,66,66
807,66,80,66,80,80,66,80
808,80,66,73,66,66,73,66
809,80,66,66,85,73,73,66
810,73,73,73,67,67,73,73
811,66,66,66,66,79,66,66
812,74,76,74,74,76,76,74
813,79,69,69,69,69,79,79
814,79,67,67,67,67,67,67
815,86,69,69,69,69,80,69
816,83,68,83,83,68,68,68
817,69,69,69,80,69,69,69
818,69,77,77,77,69,77,69
819,77,69,77,69,77,77,69
820,75,76,69,75,77,77,75
821,86,77,69,77,69,86,77
822,80,41,80,80,80,41,80
823,69,88,88,82,78,78,69
824,77,77,77,69,69,69,77
825,73,88,87,87,88,88,87
826,74,69,69,74,74,69,74
827,74,69,69,73,73,74,73
828,76,74,74,74,74,74,76
829,69,74,74,74,73,69,73
830,73,88,69,88,73,88,73
831,88,69,69,74,87,74,73
832,76,80,81,81,76,76,69
833,69,69,69,73,69,69,69
834,83,83,68,88,83,83,88
835,86,84,7,77,77,7,77
836,77,77,77,86,77,77,12
837,80,14,80,80,14,80,14
838,73,73,69,73,73,69,73
839,83,83,88,88,88,88,88
840,90,80,80,90,80,90,69
841,73,69,73,88,69,73,69
842,80,80,77,80,76,80,76
843,77,76,76,77,32,77,76
844,78,69,78,69,78,69,69
845,69,69,69,69,69,69,69
846,86,69,80,80,69,80,80
847,79,80,69,80,79,79,79
848,17,17,82,17,17,88,88
849,86,73,63,86,86,86,63
850,79,69,79,69,79,69,69
851,80,80,80,39,39,80,80
852,80,69,69,88,88,69,69
853,83,83,77,77,77,83,65
854,83,77,60,60,83,83,60
855,80,73,86,88,88,54,86
856,77,77,80,77,77,77,64
857,79,69,79,79,69,69,79
858,69,83,69,69,69,83,83
859,83,83,83,77,59,77,59
860,88,83,83,88,60,60,88
861,59,59,83,59,59,59,59
862,76,77,74,74,77,74,76
863,69,69,69,80,69,80,69
864,77,77,77,69,69,77,77
865,80,70,70,70,80,70,80
866,86,86,77,77,77,86,86
867,69,69,69,80,80,69,80
868,80,70,70,80,70,70,80
869,77,70,77,86,77,86,77
870,86,86,86,86,70,86,70
871,77,77,70,77,70,70,77
872,70,86,70,86,86,86,70
873,70,77,70,86,77,70,86
874,80,80,70,80,70,70,80
875,80,70,86,86,80,86,70
876,70,77,77,70,73,70,77
877,86,74,86,74,74,74,70
878,70,70,85,77,76,77,85
879,88,89,70,89,70,70,70
880,80,80,70,80,70,70,70
881,77,70,73,77,73,77,70
882,70,70,70,80,70,70,70
883,80,70,70,80,80,80,70
884,70,70,70,79,70,79,79
885,83,83,71,71,71,83,71
886,88,86,86,88,70,86,88
887,70,70,80,80,80,70,80
888,70,80,70,70,80,70,70
889,86,70,86,86,70,70,70
890,70,73,73,74,73,70,70
891,80,89,89,80,80,80,89
892,70,81,70,76,76,77,77
893,77,70,77,70,70,70,70
894,76,77,77,76,76,70,70
895,88,70,70,88,88,70,70
896,70,80,80,80,70,80,80
897,68,74,87,87,73,73,87
898,80,70,80,70,80,70,80
899,80,80,70,80,80,70,70
900,80,80,70,80,70,80,80
901,77,77,70,70,70,70,70
902,70,77,85,77,78,88,88
903,70,86,86,80,80,80,70
904,70,77,80,80,80,70,70
905,86,86,86,80,80,86,86
906,80,70,70,80,80,86,80
907,77,70,70,70,70,77,77
908,71,71,71,77,71,77,71
909,80,71,71,71,80,80,71
910,80,80,80,80,71,71,71
911,71,71,80,80,80,78,80
912,88,88,88,71,73,71,71
913,71,71,71,71,77,71,71
914,80,80,80,85,80,78,71
915,80,71,71,80,80,80,80
916,71,87,88,87,71,73,73
917,80,71,73,88,73,73,80
918,71,86,71,71,71,86,71
919,87,68,74,68,87,74,68
920,80,80,80,80,80,80,80
921,66,80,66,66,80,86,66
922,69,69,69,69,69,90,69
923,64,80,80,80,64,64,64
924,80,80,74,69,69,80,80
925,69,87,87,87,88,69,69
926,69,69,77,69,77,77,69
927,69,80,69,80,69,69,69
928,83,69,80,69,69,83,69
929,69,69,69,77,77,77,77
930,69,88,88,69,73,73,69
931,69,69,69,69,69,87,88
932,69,77,76,76,69,77,76
933,69,80,69,69,69,80,80
934,80,69,80,80,69,69,69
935,70,70,80,70,70,80,89
936,77,70,80,70,80,77,77
937,70,80,80,70,70,80,70
938,86,77,77,77,77,86,70
939,68,88,88,68,80,68,88
940,77,67,77,77,67,77,77
941,77,80,80,77,67,77,80
942,66,66,66,80,80,66,80
943,88,67,67,67,88,67,67
944,80,89,89,67,89,80,80
945,88,77,85,85,86,85,88
946,76,75,76,54,54,75,54
947,61,74,74,61,74,74,74
948,77,86,86,70,77,86,86
949,80,86,80,86,68,68,68
950,68,68,68,68,68,68,80
951,76,81,74,68,81,68,68
952,68,68,77,68,68,68,77
953,77,77,80,68,80,80,68
954,68,79,79,79,68,79,79
955,68,86,86,68,86,86,68
956,80,80,80,67,80,80,67
957,65,65,77,65,65,65,65
958,67,67,80,67,67,67,67
959,66,77,77,77,77,77,66
960,80,80,80,80,66,80,66
961,66,66,66,66,66,66,66
962,80,66,80,66,66,66,80
963,80,66,66,66,88,66,88
964,80,77,80,68,80,77,80
965,30,84,84,84,30,84,84
966,86,86,86,86,86,86,86
967,80,9,9,80,9,80,80
968,22,22,22,22,22,22,22
969,41,76,41,41,76,76,76
970,77,64,77,64,77,64,64
971,77,77,77,77,89,64,64
972,65,80,65,65,65,80,65
973,79,69,69,79,79,69,79
974,88,69,69,88,80,80,80
975,88,69,69,69,69,69,69
976,73,87,88,88,69,88,69
977,69,73,73,73,69,73,73
978,69,85,85,85,69,88,88
979,88,88,69,80,80,88,69
980,69,80,80,69,69,80,80
981,69,69,80,69,80,80,80
982,73,73,69,74,74,88,74
983,69,69,69,69,69,69,88
984,70,70,70,70,88,70,88
985,80,80,69,80,69,80,80
986,70,70,88,88,88,88,70
987,70,70,88,70,70,88,88
988,77,86,86,77,77,70,86
989,76,84,70,70,84,84,84
990,70,80,70,86,86,86,80
991,78,70,78,78,70,70,70
992,70,77,77,70,70,70,77
993,74,70,76,74,70,70,75
994,80,70,70,70,80,70,80
995,77,77,70,77,70,70,77
996,76,77,77,76,77,77,68
997,68,77,77,77,77,77,77
998,67,77,67,67,77,67,67
999,67,67,77,67,77,67,77
1000,90,67,67,67,67,77,90
1001,69,69,69,69,69,69,69
1002,70,77,70,77,70,77,70
1003,85,85,77,85,70,77,70
1004,80,66,66,66,90,66,80
1005,80,64,64,64,64,80,80
1006,87,64,80,87,64,87,87
1007,70,77,70,70,70,77,77
1008,69,69,80,69,69,69,69
1009,80,69,69,69,69,69,80
1010,80,69,69,80,69,69,80
1011,69,69,78,69,69,69,78
1012,70,80,77,80,70,80,77
1013,73,88,70,73,70,70,88
1014,70,77,70,70,70,77,70
1015,70,80,80,70,76,80,76
1016,74,74,74,73,88,88,70
1017,69,69,69,80,80,69,80
1018,80,63,63,80,80,80,63
1019,73,62,62,73,73,62,88
1020,85,17,85,85,17,88,88
1021,80,80,80,80,80,36,36
1022,70,70,70,79,79,79,79
1023,77,70,77,77,77,77,70
1024,70,86,86,70,86,70,70
1025,70,88,70,70,70,80,73
1026,77,70,80,77,70,77,70
1027,73,68,73,73,68,73,73
1028,86,86,86,77,68,86,68
1029,68,77,77,68,68,77,77
1030,77,77,77,77,66,66,77
1031,76,76,74,67,74,67,74
1032,76,67,77,77,67,67,77
1033,74,74,69,74,76,76,74
1034,69,74,74,74,74,69,73
1035,77,66,66,77,66,66,77
1036,77,77,64,64,64,77,64
1037,86,84,77,84,55,77,77
1038,88,70,88,88,88,88,70
1039,80,70,70,80,70,70,80
1040,86,69,69,86,86,77,69
1041,68,77,77,68,68,77,77
1042,85,88,85,68,68,68,85
1043,77,77,68,68,68,68,77
1044,80,77,80,67,80,80,77
1045,80,80,66,80,80,66,66
1046,88,66,88,88,88,66,88
1047,77,77,69,69,69,77,77
1048,86,86,86,69,69,77,86
1049,69,69,77,77,77,69,77
1050,20,86,86,20,86,86,80
1051,77,77,69,77,69,69,77
1052,83,83,83,83,83,77,83
1053,80,68,80,68,68,80,68
1054,77,77,77,69,69,69,77
1055,67,80,67,80,80,67,80
1056,83,65,65,83,83,65,65
1057,77,77,69,77,77,77,69
1058,67,80,67,74,74,67,80
1059,69,69,69,69,77,77,69
1060,69,74,74,74,74,69,76
1061,80,80,77,69,80,77,69
1062,80,71,80,71,80,71,80
1063,76,76,80,68,68,80,80
1064,82,82,78,20,20,82,78
1065,79,89,79,79,79,56,89
1066,68,75,76,75,68,75,75
1067,77,77,77,77,77,69,77
1068,69,80,69,69,69,80,80
1069,80,78,80,67,88,67,67
1070,77,77,68,77,68,68,68
1071,77,77,77,68,77,68,68
1072,68,86,77,68,68,68,68
1073,88,88,88,88,67,67,88
1074,77,77,67,67,67,67,80
1075,67,67,67,80,67,67,67
1076,75,73,67,76,75,74,75
1077,67,67,88,88,88,88,67
1078,76,76,75,61,76,75,76
1079,84,69,84,69,69,84,84
1080,69,69,69,69,69,69,69
1081,78,78,78,69,69,69,69
1082,80,80,70,80,70,80,70
1083,70,78,70,70,70,70,70
1084,69,79,79,69,69,69,69
1085,86,69,80,69,69,69,86
1086,69,80,80,80,80,69,80
1087,73,69,69,73,73,69,73
1088,73,73,73,73,73,70,70
1089,86,73,86,86,86,88,73
1090,88,66,66,88,66,88,88
1091,75,75,75,74,75,50,76
1092,69,69,69,69,77,77,69
1093,69,69,77,77,77,69,77
1094,69,77,77,69,77,77,69
1095,69,69,77,69,69,77,69
1096,86,70,70,70,86,70,70
1097,80,80,69,80,69,69,80
1098,69,77,77,77,77,77,69
1099,67,67,80,80,67,67,80
1100,86,67,80,86,67,77,67
1101,66,80,66,80,66,66,85
1102,69,69,86,77,69,69,86
1103,80,80,63,77,80,77,63
1104,77,65,80,77,80,78,77
1105,88,74,73,88,71,71,71
1106,71,80,80,78,78,71,71
1107,68,80,68,80,68,80,80
1108,80,80,80,68,68,80,68
1109,67,80,80,67,88,67,80
1110,84,73,77,87,68,84,84
1111,80,69,69,80,80,80,80
1112,67,80,67,67,67,67,80
1113,80,80,67,80,67,67,80
1114,69,77,69,69,69,77,69
1115,77,77,80,69,77,77,69
1116,13,74,13,74,74,74,74
1117,69,69,80,80,80,69,69
1118,51,77,77,77,77,51,77
1119,60,86,80,86,80,60,86
1120,77,77,69,77,69,69,69
1121,69,84,84,80,80,84,84
1122,12,80,80,78,78,78,12
1123,80,27,27,80,27,27,27
1124,86,89,5,89,89,86,86
1125,34,88,88,88,88,34,34
1126,74,80,31,31,80,74,80
1127,71,80,71,71,71,71,80
1128,79,79,69,79,79,69,79
1129,69,85,86,69,80,69,69
1130,69,69,79,79,79,79,79
1131,88,68,68,68,88,88,68
1132,69,86,80,80,69,86,80
1133,81,81,76,76,81,74,48
1134,69,69,80,69,80,69,80
1135,80,80,64,64,64,64,80
1136,69,80,69,69,69,80,69
1137,69,69,80,69,80,69,86
1138,77,77,80,78,80,73,78
1139,68,78,88,73,88,78,68
1140,77,67,67,67,77,67,77
1141,79,79,79,79,79,79,66
1142,79,79,79,79,70,70,79
1143,70,78,78,70,78,78,88
1144,80,70,80,70,80,80,70
1145,80,67,67,80,67,80,80
1146,80,66,80,80,80,80,80
1147,80,80,68,68,80,80,68
1148,80,80,80,67,67,80,67
1149,80,80,80,44,44,44,44
1150,69,80,80,69,80,80,69
1151,69,78,78,69,69,69,78
1152,70,70,89,70,86,89,86
1153,66,66,80,80,84,80,84
1154,38,38,87,87,87,38,38
1155,86,77,77,77,77,69,77
1156,78,80,78,69,69,69,78
1157,83,70,70,83,70,83,70
1158,69,69,69,69,69,80,80
1159,52,85,85,85,87,85,87
1160,70,70,86,86,80,70,86
1161,69,73,69,80,73,69,69
1162,77,77,69,77,77,77,77
1163,69,69,69,80,80,69,80
1164,76,70,70,76,70,70,76
1165,80,69,77,80,77,77,80
1166,77,66,66,66,66,77,77
1167,67,67,77,67,77,67,67
1168,80,80,66,66,80,80,80
1169,67,80,67,67,67,67,80
1170,80,80,67,67,77,77,67
1171,67,67,80,67,67,80,67
1172,12,77,77,12,12,77,77
1173,80,70,80,80,86,80,86
1174,88,80,69,80,69,80,80
1175,86,70,86,86,70,86,70
1176,70,70,89,89,89,89,80
1177,69,77,77,77,69,77,69
1178,67,67,77,67,67,67,67
1179,68,77,68,77,77,68,77
1180,73,67,73,77,67,67,73
1181,73,67,67,73,73,67,77
1182,67,67,77,67,67,67,67
1183,67,67,67,73,73,77,67
1184,67,79,79,79,79,79,67
1185,89,77,89,89,89,89,89
1186,77,67,67,80,80,80,77
1187,48,78,48,48,48,78,78
1188,63,63,73,73,63,77,73
1189,70,70,70,70,80,70,70
1190,70,86,86,86,86,70,77
1191,71,71,78,80,71,80,71
1192,66,66,80,80,66,66,66
1193,80,80,67,80,67,80,67
1194,80,67,80,78,80,78,67
1195,66,66,80,66,66,80,80
1196,65,65,80,80,80,65,65
1197,69,69,80,69,80,80,77
1198,78,78,88,88,33,88,33
1199,77,69,77,77,83,77,83
1200,23,80,23,23,23,23,76
1201,79,69,69,69,79,79,79
1202,69,69,69,77,77,69,77
1203,84,86,86,86,77,8,77
1204,80,80,15,80,89,77,15
1205,80,69,80,80,80,69,69
1206,66,66,66,66,77,77,66
1207,68,88,88,88,88,68,68
1208,68,88,80,68,80,68,78
1209,77,67,67,67,67,77,77
1210,68,68,88,68,68,87,88
1211,80,67,67,80,86,80,80
1212,66,66,66,85,66,85,86
1213,88,80,66,80,66,78,88
1214,49,49,80,80,80,49,80
1215,73,69,69,87,69,69,87
1216,86,70,70,70,70,86,70
1217,68,88,88,68,88,68,68
1218,68,77,68,68,77,68,77
1219,68,77,68,68,86,75,76
1220,68,68,68,80,80,80,68
1221,80,80,67,80,67,67,67
1222,66,73,66,66,66,73,73
1223,66,80,80,66,66,66,66
1224,67,80,67,80,67,80,80
1225,77,77,68,77,68,68,77
1226,80,78,78,70,78,70,78
1227,68,80,68,68,68,68,68
1228,73,73,68,73,68,68,68
1229,80,80,80,88,68,68,68
1230,67,77,77,77,67,67,67
1231,80,80,80,80,63,80,73
1232,79,79,79,79,64,79,64
1233,69,69,69,80,80,80,69
1234,71,77,77,71,71,77,77
1235,67,67,67,67,78,67,78
1236,80,70,80,80,70,70,80
1237,69,69,80,69,69,77,80
1238,80,69,69,69,80,80,80
1239,68,68,86,86,73,73,86
1240,75,69,69,69,69,87,75
1241,80,80,70,77,70,77,77
1242,64,64,64,64,77,77,64
1243,83,71,83,71,83,71,83
1244,70,70,70,73,70,73,70
1245,78,70,70,70,78,70,70
1246,77,68,77,68,77,68,68
1247,67,67,67,67,90,67,67
1248,88,67,67,88,88,67,67
1249,66,77,66,77,77,66,66
1250,73,68,68,73,73,68,68
1251,70,77,77,70,77,77,70
1252,80,70,70,80,70,80,70
1253,68,88,68,88,68,68,88
1254,70,77,70,77,77,70,77
1255,70,80,80,80,80,80,80
1256,80,70,70,70,80,80,80
1257,70,80,70,80,80,80,80
1258,86,77,86,86,77,70,77
1259,86,77,86,77,86,77,77
1260,68,80,80,80,68,80,68
1261,68,80,80,80,80,68,68
1262,86,86,69,86,86,86,86
1263,80,80,69,69,80,80,80
1264,69,80,69,80,69,80,69
1265,80,70,80,80,80,70,80
1266,46,80,80,46,80,80,46
1267,68,68,80,68,80,80,68
1268,80,65,80,80,80,65,65
1269,30,30,30,30,30,86,30
1270,77,66,66,77,77,77,77
1271,67,77,67,77,77,67,67
1272,77,77,77,77,67,67,80
1273,67,67,88,80,80,88,88
1274,88,87,66,66,66,87,66
1275,88,88,88,67,88,88,67
1276,69,80,80,80,69,69,80
1277,78,78,78,78,69,73,73
1278,70,80,70,84,84,70,80
1279,76,76,74,70,70,70,70
1280,70,70,78,70,78,70,78
1281,80,80,69,80,69,80,69
1282,69,80,69,80,69,69,69
1283,77,70,70,70,70,70,77
1284,69,80,69,80,69,85,69
1285,80,67,67,80,67,80,67
1286,77,86,77,10,84,86,77
1287,69,69,77,69,77,69,77
1288,77,77,77,77,69,69,77
1289,86,69,69,86,69,86,86
1290,86,67,67,67,86,86,67
1291,69,69,69,69,69,69,69
1292,81,70,76,70,70,70,81
1293,87,74,81,74,87,76,74
1294,71,79,79,71,79,79,71
1295,77,77,80,77,80,80,70
1296,69,69,69,80,77,69,80
1297,80,67,67,80,67,80,80
1298,26,77,26,84,26,77,26
1299,80,86,14,86,86,14,14
1300,80,86,80,80,86,70,80
1301,77,77,77,54,54,54,77
1302,70,77,77,77,70,70,70
1303,67,67,73,67,73,73,67
1304,78,73,73,69,78,78,78
1305,77,68,77,77,77,68,77
1306,67,80,80,67,67,67,67
1307,67,67,67,79,67,79,79
1308,67,80,77,80,77,80,67
1309,47,80,47,47,47,47,80
1310,80,18,80,18,80,18,18
1311,69,69,77,77,80,77,77
1312,69,77,77,77,80,80,80
1313,71,88,71,71,85,71,82
1314,67,88,88,88,74,88,88
1315,86,86,80,80,86,70,86
1316,80,70,70,80,70,70,80
1317,80,80,69,69,80,80,80
1318,79,79,69,79,79,69,69
1319,80,80,80,69,80,69,69
1320,69,80,69,69,80,80,80
1321,77,69,69,77,77,69,69
1322,66,77,77,77,77,66,66
1323,67,80,80,80,67,67,67
1324,88,69,88,88,69,80,88
1325,69,69,69,69,80,69,69
1326,80,69,80,69,69,69,80
1327,67,80,80,67,80,67,67
1328,80,69,69,69,80,80,69
1329,80,69,69,80,69,80,69
1330,67,67,67,80,80,67,67
1331,79,68,79,68,79,68,68
1332,80,80,80,66,80,66,66
1333,77,67,67,67,80,67,77
1334,69,69,80,80,80,69,80
1335,69,69,69,69,69,80,69
1336,77,76,81,81,81,76,69
1337,69,69,77,69,77,77,69
1338,69,80,80,69,69,69,80
1339,77,66,80,80,66,80,66
1340,86,68,86,68,68,68,68
1341,65,65,65,65,65,80,80
1342,80,80,80,80,80,69,80
1343,80,68,68,80,68,80,80
1344,66,80,66,80,80,66,66
1345,80,80,67,67,67,80,67
1346,80,65,80,65,80,65,80
1347,80,80,80,31,80,31,80
1348,63,63,63,63,63,63,63
1349,66,77,66,66,66,77,66
1350,80,80,22,80,22,80,22
1351,77,69,69,77,77,77,69
1352,80,80,80,80,49,80,49
1353,67,67,86,86,67,86,67
1354,65,65,65,65,65,65,80
1355,69,69,80,80,80,80,80
1356,77,77,69,69,69,69,77
1357,86,86,86,89,89,89,86
1358,69,73,69,69,69,73,69
1359,80,80,69,80,69,69,80
1360,77,77,77,67,77,77,67
1361,77,69,69,77,77,77,77
1362,69,69,69,69,73,69,73
1363,69,79,69,79,69,69,69
1364,73,73,69,73,69,69,73
1365,73,66,73,80,66,66,73
1366,80,79,80,79,80,80,67
1367,67,75,75,67,75,75,75
1368,80,67,80,67,80,67,80
1369,80,80,80,23,80,80,80
1370,80,67,67,80,67,88,80
1371,77,67,67,67,77,83,83
1372,67,67,67,73,67,73,73
1373,72,72,44,72,72,72,72
1374,77,77,77,53,77,77,77
1375,66,80,80,80,80,80,80
1376,77,77,77,70,77,70,70
1377,77,86,70,77,77,70,70
1378,79,70,70,79,79,79,70
1379,86,70,70,86,86,86,86
1380,80,70,70,80,70,80,70
1381,69,80,69,80,80,80,69
1382,80,80,80,70,70,80,80
1383,70,70,70,76,70,74,70
1384,80,70,70,70,70,70,70
1385,70,77,70,77,77,77,77
1386,70,87,70,87,70,70,87
1387,86,70,86,86,86,86,86
1388,70,70,70,80,70,70,70
1389,80,80,70,80,80,70,80
1390,70,70,70,70,70,78,78
1391,70,70,80,80,70,70,70
1392,70,70,80,70,70,80,70
1393,88,70,88,73,73,88,73
1394,70,70,70,70,86,86,70
1395,71,71,80,80,71,80,71
1396,80,69,80,69,80,80,69
1397,7,7,80,7,80,80,80
1398,69,69,80,80,80,80,69
1399,70,70,70,88,70,88,70
1400,80,80,68,86,68,68,80
1401,80,66,80,66,66,66,80
1402,80,80,80,80,80,80,80
1403,80,67,80,80,77,67,80
1404,60,60,77,77,77,77,60
1405,70,80,80,80,80,80,80
1406,86,86,80,68,86,68,80
1407,67,67,67,73,67,73,67
1408,68,68,68,68,68,77,68
1409,76,75,67,67,76,75,75
1410,66,66,80,66,66,66,66
1411,74,41,74,74,87,87,41
1412,75,68,68,75,75,75,75
1413,73,73,73,73,73,73,67
1414,68,73,68,73,73,68,73
1415,67,67,73,76,67,73,73
1416,73,73,73,67,87,67,67
1417,80,80,70,80,70,70,80
1418,66,66,80,66,66,66,80
1419,67,73,73,87,67,67,67
1420,70,77,70,77,77,77,70
1421,80,66,66,66,80,80,66
1422,66,88,88,82,66,66,66
1423,89,68,80,89,68,89,80
1424,77,80,67,80,77,86,86
1425,77,77,77,67,80,80,77
1426,77,80,77,80,77,77,80
1427,80,80,80,80,80,80,80
1428,70,70,77,70,70,77,70
1429,80,86,71,86,80,80,80
1430,70,70,70,80,80,70,70
1431,70,70,88,70,88,70,70
1432,80,71,80,71,71,71,80
1433,70,80,70,70,80,80,80
1434,71,71,71,86,71,86,71
1435,68,68,68,68,68,68,68
1436,80,66,66,86,66,80,86
1437,77,77,67,67,67,67,77
1438,80,80,80,80,80,68,68
1439,80,80,67,78,78,78,78
1440,80,67,80,80,67,80,80
1441,68,86,68,80,86,86,80
1442,80,80,68,80,68,80,68
1443,67,80,80,67,67,67,80
1444,85,76,76,77,38,85,85
1445,80,80,80,80,80,67,67
1446,77,68,77,77,77,77,77
1447,66,80,66,66,80,80,66
1448,69,69,69,80,80,69,69
1449,80,80,80,69,69,69,80
1450,74,86,74,86,20,20,20
1451,13,13,13,13,13,88,88
1452,77,16,16,16,77,16,16
1453,19,78,19,78,78,80,78
1454,20,90,20,90,90,20,20
1455,16,16,16,90,90,90,90
1456,77,80,80,77,80,27,27
1457,80,69,80,69,77,80,69
1458,10,77,77,10,10,84,84
1459,69,69,69,84,69,69,84
1460,80,69,77,69,80,69,69
1461,8,77,8,77,77,8,77
1462,86,86,86,69,80,80,86
1463,70,70,70,77,77,77,77
1464,80,80,80,68,80,68,68
1465,68,80,77,68,68,80,80
1466,68,68,80,80,80,80,80
1467,66,66,80,80,66,80,66
1468,68,68,68,68,80,68,68
1469,68,68,76,68,76,76,74
1470,76,75,76,76,68,76,76
1471,88,68,88,88,88,68,88
1472,69,77,87,69,77,77,87
1473,80,76,76,12,12,80,80
1474,67,77,67,67,67,77,67
1475,66,77,77,66,66,77,77
1476,21,82,21,82,82,82,21
1477,83,88,70,83,83,70,88
1478,68,78,68,78,80,73,80
1479,77,68,77,77,68,68,68
1480,74,47,76,76,47,47,76
1481,67,80,67,80,67,80,80
1482,69,79,79,79,69,79,79
1483,73,80,80,71,80,73,80
1484,67,73,73,77,67,77,77
1485,89,86,89,86,86,86,80
1486,80,68,80,68,68,80,68
1487,77,66,77,77,77,77,77
1488,66,80,80,80,66,66,80
1489,67,67,67,77,67,77,67
1490,66,77,66,66,77,66,77
1491,80,68,68,68,88,88,68
1492,67,77,77,67,77,67,67
1493,69,86,86,86,86,69,86
1494,69,69,69,69,69,77,69
1495,80,69,69,69,80,80,80
1496,77,78,69,78,78,77,69
1497,79,69,69,79,79,79,79
1498,70,77,70,77,70,70,70
1499,77,67,67,67,67,67,77
1500,77,77,77,77,69,77,69
1501,89,89,70,89,70,89,89
1502,67,67,86,77,67,67,77
1503,74,74,68,74,76,76,74
1504,69,77,77,69,69,69,69
1505,78,80,80,80,78,78,69
1506,69,69,80,69,80,80,80
1507,69,69,77,77,77,77,77
1508,88,68,88,80,88,88,80
1509,77,77,67,67,77,67,77
1510,78,69,78,78,69,69,69
1511,70,70,70,77,77,70,77
1512,80,80,80,69,80,80,69
1513,77,77,70,77,70,70,77
1514,80,80,80,80,70,80,80
1515,74,86,86,68,68,68,74
1516,80,80,80,80,80,67,80
1517,80,80,80,80,69,69,69
1518,80,80,68,68,80,68,68
1519,68,80,80,78,80,78,78
1520,68,68,68,68,83,68,83
1521,66,66,66,66,66,66,66
1522,67,88,67,88,88,88,67
1523,67,67,67,67,74,67,67
1524,80,69,80,69,80,69,80
1525,71,77,77,71,77,86,77
1526,86,80,88,58,86,88,80
1527,71,71,77,71,77,77,71
1528,80,80,70,70,70,70,70
1529,89,89,89,89,89,89,69
1530,68,80,80,80,68,80,80
1531,74,74,76,74,68,74,74
1532,80,67,67,67,67,80,67
1533,80,66,66,80,66,80,66
1534,70,77,70,77,70,78,70
1535,80,80,67,80,80,67,80
1536,69,80,69,69,80,80,69
1537,70,77,70,70,77,77,70
1538,80,70,80,80,70,80,80
1539,80,66,80,80,80,66,80
1540,68,74,74,74,68,76,68
1541,67,80,67,67,67,67,80
1542,2,2,2,2,80,80,80
1543,80,80,80,69,80,80,69
1544,77,68,68,77,77,68,77
1545,68,80,80,86,68,68,80
1546,80,80,80,80,80,61,61
1547,79,79,68,79,68,68,79
1548,88,88,68,73,73,73,88
1549,68,68,88,88,68,88,68
1550,77,68,77,68,77,77,77
1551,67,67,80,80,67,67,80
1552,73,68,73,73,73,68,68
1553,88,68,85,88,85,85,68
1554,67,67,67,80,67,80,80
1555,74,66,74,74,66,76,76
1556,80,73,88,73,88,68,73
1557,77,69,77,69,77,80,77
1558,80,80,69,69,69,69,80
1559,88,88,67,67,80,67,88
1560,54,54,78,78,78,54,78
1561,67,79,67,79,79,67,67
1562,79,79,79,79,79,79,66
1563,86,86,67,67,67,67,86
1564,80,80,64,64,64,80,64
1565,65,80,80,65,65,65,80
1566,80,80,80,80,16,16,16
1567,65,65,77,77,77,65,77
1568,86,65,77,77,77,77,65
1569,60,60,80,60,60,60,60
1570,77,77,77,77,77,77,77
1571,80,46,80,46,46,80,80
1572,80,80,55,80,55,80,55
1573,83,41,83,41,83,83,41
1574,89,89,68,89,89,89,68
1575,63,80,80,80,80,80,80
1576,81,60,60,60,81,81,81
1577,29,29,80,29,29,29,80
1578,80,40,40,80,40,40,40
1579,88,61,88,61,61,61,61
1580,86,6,86,86,86,6,86
1581,85,23,23,23,23,85,85
1582,82,20,82,82,20,20,20
1583,59,59,80,80,80,59,80
1584,19,80,80,19,19,80,19
1585,79,63,79,63,79,79,79
1586,80,80,65,65,78,78,73
1587,90,31,31,90,90,90,31
1588,77,80,70,80,70,70,77
1589,70,77,77,77,77,77,77
1590,70,80,80,70,80,70,70
1591,71,71,80,80,71,71,71
1592,80,80,80,80,71,80,71
1593,69,69,69,77,69,69,77
1594,79,71,71,79,71,79,71
1595,73,69,73,69,69,69,73
1596,68,73,68,73,87,73,87
1597,73,73,80,80,65,80,80
1598,78,88,78,88,70,88,88
1599,80,69,69,69,80,69,69
1600,70,77,77,77,70,70,70
1601,70,88,88,88,88,88,88
1602,80,71,80,80,71,71,71
1603,80,80,80,80,69,80,69
1604,78,78,88,82,21,88,78
1605,70,70,70,70,70,70,70
1606,78,78,70,78,78,70,78
1607,71,80,71,71,80,71,71
1608,76,80,80,76,70,70,76
1609,70,70,77,77,77,70,77
1610,73,78,86,70,73,73,78
1611,70,70,70,77,77,70,77
1612,71,71,86,71,86,86,71
1613,71,80,71,73,73,80,71
1614,77,77,80,31,31,80,77
1615,73,73,73,81,73,76,76
1616,68,80,80,80,80,80,80
1617,70,70,86,70,70,70,86
1618,63,73,78,63,63,73,63
1619,69,69,80,69,80,80,80
1620,70,70,77,70,77,70,70
1621,88,69,69,69,88,69,88
1622,66,66,77,77,66,66,66
1623,80,69,69,80,69,80,69
1624,88,88,88,71,71,88,71
1625,83,83,70,70,83,83,70
1626,80,80,77,69,80,80,69
1627,80,69,77,69,77,69,80
1628,80,80,67,80,67,67,80
1629,79,79,79,68,68,68,68
1630,69,80,69,69,80,69,80
1631,80,66,80,77,77,77,66
1632,69,69,69,89,89,69,89
1633,77,80,77,80,69,80,77
1634,69,69,69,69,80,80,69
1635,80,59,80,59,80,59,80
1636,69,69,69,69,69,80,80
1637,69,69,80,80,69,69,80
1638,69,80,69,80,69,80,80
1639,69,69,80,80,80,80,69
1640,69,80,69,69,69,69,80
1641,69,69,79,69,69,69,79
1642,80,80,69,69,80,69,80
1643,70,80,70,70,70,80,80
1644,77,77,70,77,70,70,70
1645,71,80,80,80,80,80,71
1646,80,80,71,71,73,71,80
1647,77,78,78,80,80,71,78
1648,71,71,80,71,71,71,80
1649,77,71,79,77,77,71,79
1650,71,80,71,80,71,71,80
1651,71,71,71,71,80,88,88
1652,70,70,86,86,86,70,70
1653,80,69,69,69,69,80,69
1654,71,71,71,77,71,77,71
1655,67,86,77,77,67,86,67
1656,77,71,71,77,86,77,71
1657,69,80,73,69,73,80,80
1658,80,80,80,69,80,69,80
1659,69,77,77,69,69,69,69
1660,69,80,69,69,80,69,80
1661,67,67,67,80,67,80,80
1662,80,80,70,86,86,70,70
1663,80,80,89,89,80,70,80
1664,77,77,77,70,77,70,70
1665,80,80,80,80,80,80,80
1666,70,80,80,70,80,80,70
1667,80,80,80,70,80,70,70
1668,70,70,77,70,70,77,77
1669,85,80,78,70,80,70,80
1670,71,88,77,77,88,77,77
1671,80,80,71,71,80,80,80
1672,80,66,80,80,80,66,66
1673,88,88,68,68,73,73,73
1674,35,35,80,35,35,35,35
1675,80,80,69,80,80,80,69
1676,80,69,69,80,80,80,80
1677,69,69,69,69,69,69,80
1678,80,71,71,71,71,71,71
1679,88,86,88,88,71,71,88
1680,71,71,80,80,86,80,80
1681,67,77,67,77,67,77,67
1682,80,80,80,69,69,69,80
